,Ticker,Date,시가총액(억),보유비중(%),거래비중(%),보유자수(명),내부보유금액(억),24시간 순입금(억),전일대비유통량증감(%),24시간 거래금액(억),체결강도(%),가격,빗썸유통비율(%),거래금액/내부보유금액(%),순입금/내부보유금액(%),1주일 상승률(%),1개월 상승률(%),3개월 상승률(%)
0,BTC,2024/04/02,17747441.0,4,24,1421550,37887.65,343.5,0.67,1898.7,65.33,96502000,0.21,5.01,0.91,-3.46,4.74,64.74
1,ETH,2024/04/02,5462095.0,4,35,757172,13515.29,76.0,0.44,597.2,95.98,4862000,0.25,4.42,0.56,-4.32,-1.19,59.46
2,ETC,2024/04/02,60955.0,6,31,572127,2717.35,6.2,0.08,144.5,62.21,44540,4.46,5.32,0.23,-2.51,-6.78,62.97
3,XRP,2024/04/02,445264.0,3,16,1356769,13401.3,148.7,0.25,1064.1,100.78,866,3.01,7.94,1.11,-2.03,-5.25,10.31
4,BCH,2024/04/02,161026.0,5,32,499900,2022.05,8.1,0.26,365.5,72.46,872000,1.26,18.08,0.4,13.24,36.03,173.18
5,QTUM,2024/04/02,6022.0,5,46,499340,465.05,0.5,0.15,30.3,72.08,6135,7.72,6.52,0.11,-7.88,-23.59,40.71
6,BTG,2024/04/02,10920.0,18,51,457059,553.55,0.25,0.01,83.0,102.46,62300,5.07,14.99,0.05,-7.15,17.99,137.33
7,EOS,2024/04/02,14997.0,7,49,672181,1112.27,0.22,0.18,56.0,109.6,1429,7.42,5.03,0.02,-6.84,-6.6,37.14
8,ICX,2024/04/02,4270.0,14,43,115874,88.34,-0.09,0.19,8.8,73.01,462,2.07,9.96,-0.1,-7.6,0.43,36.28
9,TRX,2024/04/02,139650.0,6,39,442492,596.5,-2.3,-0.55,69.2,128.79,170,0.43,11.6,-0.39,-1.16,-13.26,17.24
10,ELF,2024/04/02,5800.0,51,52,102155,61.99,-0.3,-0.01,1.6,133.47,855,1.07,2.58,-0.48,-6.76,-12.66,19.24
11,KNC,2024/04/02,1973.0,19,56,89241,49.47,-0.33,0.32,5.0,73.57,1126,2.51,10.11,-0.67,-13.31,-1.48,25.52
12,GLM,2024/04/02,7593.0,19,43,96962,58.1,-0.08,-0.04,17.0,87.99,810,0.77,29.26,-0.14,0.49,-15.0,154.71
13,ZIL,2024/04/02,7890.0,17,39,116474,105.22,4.4,-0.64,21.2,81.51,0,1.33,20.15,4.18,-5.67,7.11,52.75
14,WAXP,2024/04/02,4185.0,12,49,91299,111.13,-0.56,0.5,18.0,80.03,125,2.66,16.2,-0.5,-13.19,8.69,42.85
15,POWR,2024/04/02,2513.0,16,48,76733,62.54,0.42,0.5,6.1,75.98,525,2.49,9.75,0.67,-11.31,-2.41,-25.84
16,LRC,2024/04/02,6385.0,24,51,68300,79.69,-2.0,-0.59,9.4,75.17,498,1.25,11.8,-2.51,-12.47,7.55,36.06
17,STEEM,2024/04/02,1859.0,17,47,58206,59.81,-0.42,0.24,6.5,46.49,432,3.22,10.87,-0.7,-8.66,0.0,31.7
18,ZRX,2024/04/02,7920.0,45,64,62844,158.9,-45.8,-15.82,92.9,45.92,998,2.01,58.46,-28.82,-36.1,64.68,122.76
19,SNT,2024/04/02,2345.0,13,46,80416,76.65,0.18,-0.01,5.4,76.33,0,3.27,7.05,0.23,-8.55,-7.93,13.4
20,ADA,2024/04/02,287270.0,5,39,195527,1532.48,16.8,0.83,74.4,66.17,861,0.53,4.85,1.1,-6.61,-21.36,12.54
21,CTXC,2024/04/02,1174.0,8,42,75245,192.82,0.95,0.07,25.3,62.85,571,16.42,13.12,0.49,-17.48,-33.29,9.59
22,BAT,2024/04/02,6048.0,10,61,38015,84.3,-0.16,-0.01,5.6,108.3,433,1.39,6.64,-0.19,-11.08,-5.04,30.03
23,THETA,2024/04/02,36327.0,26,43,50515,119.84,-0.69,-0.51,15.5,82.44,3874,0.33,12.93,-0.58,-9.76,20.04,139.43
24,LOOM,2024/04/02,1728.0,23,46,46226,90.93,1.5,2.44,23.3,60.71,151,5.26,25.62,1.65,-12.71,-3.82,17.96
25,CVC,2024/04/02,2773.0,11,46,5063,79.81,-12.0,-13.99,50.9,127.5,295,2.88,63.78,-15.04,-12.46,0.0,0.0
26,WAVES,2024/04/02,6306.0,18,38,46994,108.31,3.8,-0.51,105.3,82.57,5865,1.72,97.22,3.51,6.05,24.6,64.79
27,LINK,2024/04/02,140985.0,8,50,78366,607.02,5.5,0.17,47.4,103.04,25700,0.43,7.81,0.91,-7.55,-10.32,32.2
28,ENJ,2024/04/02,8368.0,19,55,80939,91.73,1.1,0.97,3.1,103.91,650,1.1,3.38,1.2,-9.72,-20.82,42.23
29,VET,2024/04/02,41136.0,6,49,145445,369.6,-1.8,-0.12,20.1,78.72,0,0.9,5.44,-0.49,-6.16,-13.52,38.7
30,MTL,2024/04/02,1916.0,20,46,60510,149.9,-3.2,-1.91,30.8,115.99,3044,7.82,20.55,-2.13,-3.33,4.89,44.53
31,IOST,2024/04/02,3178.0,20,54,50103,72.61,-0.06,-0.08,3.1,65.63,0,2.28,4.27,-0.08,-9.79,-7.75,28.57
32,AMO,2024/04/02,248.0,14,30,111917,216.19,-0.06,-0.01,6.6,67.17,0,87.17,3.05,-0.03,-6.48,-13.35,68.63
33,BSV,2024/04/02,23521.0,11,43,469833,296.33,1.7,0.16,100.2,85.84,127500,1.26,33.81,0.57,-3.91,-14.54,12.93
34,ORBS,2024/04/02,1782.0,10,53,84551,298.43,-19.7,0.69,14.0,68.36,0,16.75,4.69,-6.6,-11.24,-6.96,23.04
35,TFUEL,2024/04/02,7438.0,18,34,45056,100.01,-5.9,-2.41,69.0,68.74,123,1.34,68.99,-5.9,0.81,6.03,86.39
36,VALOR,2024/04/02,161.0,21,26,55748,106.2,0.25,0.05,8.4,32.84,320,65.96,7.91,0.24,-5.6,4.23,52.38
37,CON,2024/04/02,67.0,17,11,84443,73.9,-0.05,-0.01,98.8,87.85,0,110.3,133.69,-0.07,-49.81,-70.3,-62.78
38,ANKR,2024/04/02,8002.0,19,40,52247,92.04,-10.6,-4.27,96.3,68.51,0,1.15,104.63,-11.52,0.83,46.55,132.68
39,MIX,2024/04/02,345.0,15,37,119134,328.4,-0.39,-0.09,21.2,72.93,0,95.19,6.46,-0.12,-2.38,3.39,43.34
40,CRO,2024/04/02,51025.0,21,55,37223,65.52,-0.26,-0.62,8.8,73.83,205,0.13,13.43,-0.4,-3.3,0.49,57.69
41,FX,2024/04/02,1024.0,20,47,48324,41.05,-0.53,-1.29,5.8,84.07,260,4.01,14.13,-1.29,-1.88,6.55,24.4
42,CHR,2024/04/02,4295.0,19,54,42703,74.53,0.18,0.24,9.7,117.39,559,1.74,13.01,0.24,-18.63,3.32,57.46
43,MBL,2024/04/02,1407.0,20,46,50958,55.5,0.09,0.31,11.0,77.48,0,3.94,19.82,0.16,-9.94,4.48,33.76
44,MXC,2024/04/02,615.0,18,37,41535,82.69,3.4,2.94,14.4,56.75,0,13.45,17.41,4.11,-15.67,-13.49,122.03
45,FCT2,2024/04/02,506.0,27,47,38725,35.96,1.0,-0.15,2.7,88.52,0,7.11,7.51,2.78,-10.4,-5.81,14.24
46,WOM,2024/04/02,95.0,19,27,45292,73.48,-0.01,-0.03,21.2,54.78,0,77.35,28.85,-0.01,-4.0,3.57,59.62
47,BOA,2024/04/02,100.0,16,26,43676,82.08,-0.05,-0.01,8.8,52.89,0,82.08,10.72,-0.06,-4.68,-9.36,60.52
48,MEV,2024/04/02,177.0,16,22,65829,137.32,-0.13,-0.05,8.9,60.09,0,77.58,6.48,-0.09,-12.09,-8.4,25.21
49,SXP,2024/04/02,3572.0,15,43,51722,125.51,0.96,0.72,8.1,45.19,637,3.51,6.45,0.76,-7.27,-5.76,25.88
50,COS,2024/04/02,910.0,56,33,50766,164.27,25.7,7.48,148.9,96.02,0,18.05,90.64,15.64,37.81,66.17,62.35
51,EL,2024/04/02,715.0,9,24,107986,723.39,-0.19,-0.01,143.3,60.25,0,101.17,19.81,-0.03,-14.59,159.16,445.73
52,HIVE,2024/04/02,2696.0,15,48,62273,46.56,0.4,1.32,4.0,72.52,554,1.73,8.59,0.86,-12.75,-4.97,16.14
53,XPR,2024/04/02,590.0,11,33,66482,163.82,-0.83,-0.49,11.0,66.91,0,27.77,6.71,-0.51,-9.98,5.56,90.71
54,VRA,2024/04/02,1079.0,36,41,30736,43.07,-6.0,-4.78,22.2,58.14,0,3.99,51.54,-13.93,-19.3,-41.78,36.54
55,FIT,2024/04/02,0.0,16,35,77691,115.01,-0.0,-0.01,7.1,71.53,0,0.0,6.17,-0.0,-11.4,7.97,75.42
56,EGG,2024/04/02,207.0,26,26,65406,163.97,1.0,0.62,5.3,43.34,0,79.21,3.23,0.61,-8.31,-0.12,40.73
57,BORA,2024/04/02,2692.0,13,48,113217,276.82,-3.2,-0.81,19.0,122.93,270,10.28,6.86,-1.16,-11.76,-3.91,36.36
58,ARPA,2024/04/02,1514.0,30,46,25438,56.11,-4.1,-4.59,16.4,81.85,131,3.71,29.23,-7.31,2.34,22.42,59.97
59,CTC,2024/04/02,3925.0,25,50,30751,335.04,-0.01,-0.01,12.4,42.59,1241,8.54,3.7,-0.0,-12.66,41.82,39.12
60,APM,2024/04/02,163.0,20,21,51281,131.24,-0.79,-0.02,24.7,67.19,0,80.52,18.82,-0.6,2.85,12.34,24.15
61,CKB,2024/04/02,10637.0,17,69,78205,138.23,0.39,0.27,11.6,95.25,0,1.3,8.39,0.28,-10.79,-1.22,432.3
62,AERGO,2024/04/02,1023.0,33,63,38931,67.63,0.0,-0.01,7.2,48.46,234,6.61,10.65,0.0,-9.3,-7.14,21.24
63,EVZ,2024/04/02,70.0,13,29,77055,129.87,-0.0,-0.01,9.5,50.44,0,185.53,7.32,-0.0,-5.38,1.13,59.36
64,QTCON,2024/04/02,196.0,24,30,50943,134.79,0.68,0.48,15.4,44.26,0,68.77,11.43,0.5,2.73,8.27,43.02
65,UNI,2024/04/02,94519.0,9,47,24193,146.28,-1.5,-0.01,5.1,82.15,16890,0.15,3.49,-1.03,-4.73,-4.73,88.5
66,YFI,2024/04/02,3746.0,10,42,26360,213.84,1.3,0.69,17.4,40.76,12000000,5.71,8.14,0.61,-6.52,-9.11,16.27
67,UMA,2024/04/02,4168.0,18,49,26905,43.23,0.66,1.55,6.1,40.3,5640,1.04,14.11,1.53,-8.58,-7.31,95.9
68,AAVE,2024/04/02,23780.0,24,53,18197,68.87,1.0,1.56,7.2,71.89,171900,0.29,10.45,1.45,-5.6,8.65,23.4
69,COMP,2024/04/02,7894.0,17,48,19600,60.46,-0.19,-1.15,5.9,89.05,105000,0.77,9.76,-0.31,-5.99,-17.51,45.53
70,BAL,2024/04/02,3620.0,23,63,11764,23.87,0.61,1.8,4.1,66.18,6930,0.66,17.18,2.56,-7.04,-5.71,22.87
71,RSR,2024/04/02,7113.0,14,43,24821,313.95,-0.59,-0.73,128.8,100.71,0,4.41,41.03,-0.19,-6.61,151.47,280.46
72,NMR,2024/04/02,2749.0,11,50,18526,105.12,0.02,-0.01,8.1,71.11,46800,3.82,7.71,0.02,-15.67,-2.15,72.5
73,RLC,2024/04/02,3394.0,21,55,55512,60.37,0.25,0.42,3.3,109.46,5010,1.78,5.47,0.41,-9.81,-4.2,133.45
74,UOS,2024/04/02,1180.0,25,29,21845,50.83,0.64,1.18,6.5,37.56,347,4.31,12.79,1.26,-8.2,-5.7,26.18
75,SAND,2024/04/02,19105.0,7,44,101895,512.49,5.7,0.29,42.0,67.56,906,2.68,8.2,1.11,-8.85,-5.32,26.53
76,STPT,2024/04/02,1852.0,31,62,7040,38.56,-0.3,-0.79,7.9,302.39,0,2.08,20.49,-0.78,-14.8,1.8,15.29
77,BEL,2024/04/02,879.0,61,52,27913,71.86,26.3,21.64,53.9,131.59,1448,8.18,75.01,36.6,3.35,17.43,56.2
78,OBSR,2024/04/02,212.0,13,30,52037,85.11,-3.1,-2.24,25.3,60.13,0,40.15,29.73,-3.64,16.8,14.36,56.36
79,POLA,2024/04/02,276.0,0,26,71468,263.22,-0.08,-0.04,23.8,56.19,0,95.37,9.04,-0.03,-14.61,-10.52,271.67
80,ADP,2024/04/02,172.0,12,24,52648,150.51,-0.11,-0.09,25.1,59.72,0,87.51,16.68,-0.07,-1.7,7.86,109.01
81,DVI,2024/04/02,401.0,9,21,73046,363.73,1.2,0.31,65.2,77.22,0,90.71,17.93,0.33,-7.23,72.03,186.26
82,GHX,2024/04/02,1398.0,4,25,62334,289.65,-2.1,-0.74,68.1,64.61,222,20.72,23.51,-0.73,-22.64,126.34,1426.82
83,MVC,2024/04/02,175.0,13,36,123572,126.74,0.01,0.0,4.1,49.41,0,72.42,3.23,0.01,-1.71,10.68,127.24
84,BLY,2024/04/02,112.0,14,26,37931,109.42,0.06,-0.04,11.8,58.93,0,97.7,10.78,0.05,-10.13,69.19,115.76
85,GRT,2024/04/02,44971.0,11,36,25599,261.71,-0.73,0.08,20.1,85.46,508,0.58,7.68,-0.28,-11.8,17.05,98.43
86,BIOT,2024/04/02,323.0,15,26,95222,311.53,0.0,-0.01,130.7,63.35,0,96.45,41.95,0.0,-3.74,138.61,325.92
87,SNX,2024/04/02,18774.0,12,54,21219,113.82,0.49,1.17,16.2,61.49,6105,0.61,14.23,0.43,-13.09,-2.94,24.03
88,SOFI,2024/04/02,183.0,12,30,72594,171.56,-0.02,-0.02,27.4,58.75,0,93.75,15.97,-0.01,1.23,18.32,19.23
89,GRACY,2024/04/02,124.0,31,29,45240,106.11,0.06,0.05,34.6,66.32,118,85.57,32.61,0.06,-10.6,43.9,100.68
90,OXT,2024/04/02,1807.0,26,61,31556,95.9,0.56,0.58,7.1,35.39,197,5.31,7.4,0.58,-11.65,-7.94,37.76
91,MAP,2024/04/02,1333.0,32,28,54524,322.81,0.14,-0.09,11.2,25.86,0,24.22,3.47,0.04,-10.83,-2.64,21.04
92,AQT,2024/04/02,612.0,36,62,16973,25.14,-0.01,-0.14,1.9,118.54,2304,4.11,7.56,-0.04,-11.55,-4.11,23.73
93,WIKEN,2024/04/02,186.0,32,37,42964,169.28,-0.01,-0.01,11.4,95.48,0,91.01,6.73,-0.01,-14.23,4.06,52.94
94,CTSI,2024/04/02,2885.0,31,67,13891,30.61,0.49,0.79,2.6,94.21,394,1.06,8.49,1.6,-15.26,-29.13,33.1
95,MANA,2024/04/02,15500.0,7,55,59943,249.51,0.98,0.39,8.8,76.58,867,1.61,3.53,0.39,-9.87,-6.77,35.68
96,LPT,2024/04/02,7281.0,21,53,27509,114.43,0.8,0.7,6.8,77.73,24610,1.57,5.94,0.7,-15.94,28.31,148.08
97,MKR,2024/04/02,47818.0,23,54,15004,50.54,-0.94,-0.13,14.2,107.15,5530000,0.11,28.1,-1.86,21.72,88.6,125.99
98,SUSHI,2024/04/02,5419.0,25,51,15860,56.29,-0.4,-0.71,5.8,64.89,2458,1.04,10.3,-0.71,-2.3,3.32,58.58
99,ASM,2024/04/02,662.0,11,36,96748,227.13,-2.9,0.11,16.2,62.07,0,34.31,7.13,-1.28,-7.74,-13.65,-31.94
100,PUNDIX,2024/04/02,2064.0,20,50,95553,98.89,0.94,0.09,4.0,65.48,853,4.79,4.04,0.95,-11.33,7.97,33.9
101,CELR,2024/04/02,3173.0,24,63,16867,23.56,0.93,-0.01,8.1,242.35,0,0.74,34.38,3.95,-9.36,-2.84,51.75
102,FRONT,2024/04/02,1376.0,33,56,16777,82.76,-1.2,-1.53,14.9,161.74,1628,6.01,18.0,-1.45,-8.53,66.97,184.11
103,RLY,2024/04/02,1166.0,13,27,42637,159.54,0.16,-0.54,35.5,71.14,0,13.68,22.25,0.1,15.04,26.88,131.76
104,OCEAN,2024/04/02,9029.0,12,43,23381,136.64,-0.62,-0.65,19.1,74.23,1696,1.51,13.98,-0.45,-19.08,12.99,163.76
105,BFC,2024/04/02,1653.0,5,37,40816,136.6,-1.9,-0.12,5.9,37.45,125,8.26,4.32,-1.39,-2.34,16.82,36.28
106,ALICE,2024/04/02,1622.0,17,47,28494,50.0,0.02,-0.01,3.2,48.63,2556,3.08,6.4,0.04,-8.55,-10.03,44.81
107,OGN,2024/04/02,1547.0,39,67,6404,22.31,-1.6,-7.06,5.5,112.8,285,1.44,24.65,-7.17,-8.06,-7.46,28.37
108,COTI,2024/04/02,3582.0,26,76,22491,39.53,0.0,-0.01,4.8,103.34,243,1.1,12.14,0.0,-14.43,-14.43,170.15
109,CAKE,2024/04/02,13565.0,21,60,15935,68.35,-3.5,-3.08,11.3,120.04,5905,0.5,16.53,-5.12,-6.12,25.74,37.99
110,BNT,2024/04/02,1458.0,36,64,14552,23.02,-1.4,-3.04,3.3,63.05,1178,1.58,14.34,-6.08,-7.02,-9.1,10.92
111,XVS,2024/04/02,3303.0,42,53,17549,41.2,0.0,-0.01,8.3,135.96,22370,1.25,20.15,0.0,-4.72,23.79,38.68
112,SWAP,2024/04/02,320.0,20,28,15896,33.26,-0.6,-0.85,5.2,40.71,327,10.39,15.63,-1.8,-5.49,-7.62,16.37
113,CHZ,2024/04/02,16018.0,16,49,28674,91.07,-1.0,-0.52,8.6,58.36,194,0.57,9.44,-1.1,-5.36,-8.49,76.36
114,AXS,2024/04/02,18736.0,11,51,22463,124.23,-0.37,0.51,12.8,57.74,14060,0.66,10.3,-0.3,-11.95,-5.44,22.79
115,DAO,2024/04/02,3158.0,39,49,14370,26.3,0.0,-0.01,4.5,67.92,2235,0.83,17.11,0.0,-16.1,41.0,57.17
116,SIX,2024/04/02,0.0,20,46,20921,48.64,0.54,-0.02,3.5,30.62,0,0.0,7.2,1.11,-4.26,-5.13,13.12
117,DAI,2024/04/02,72292.0,48,73,6810,15.0,0.02,0.44,3.4,253.95,1440,0.02,22.67,0.13,0.76,2.93,6.74
118,SHIB,2024/04/02,215398.0,4,30,79704,1585.95,1.7,-0.33,231.1,68.22,0,0.74,14.57,0.11,-10.18,2.64,189.55
119,MATIC,2024/04/02,122351.0,8,45,39425,329.22,3.2,1.03,46.7,82.02,1320,0.27,14.19,0.97,-11.58,-14.23,12.14
120,WOO,2024/04/02,11904.0,33,49,13085,34.88,-1.2,-1.85,23.5,62.36,689,0.29,67.37,-3.44,0.58,-14.93,19.2
121,ACH,2024/04/02,3426.0,22,51,14698,86.63,0.66,0.14,10.5,57.83,0,2.53,12.12,0.76,-19.88,18.44,81.68
122,XLM,2024/04/02,50830.0,6,44,120159,545.19,3.7,0.45,22.4,74.44,188,1.07,4.11,0.68,-3.09,-8.29,15.33
123,ONT,2024/04/02,3822.0,11,58,23896,76.5,0.14,0.18,3.7,49.56,467,2.0,4.84,0.18,-9.14,1.52,28.29
124,META,2024/04/02,1092.0,25,59,63955,94.51,0.97,1.07,7.6,50.02,0,8.65,8.04,1.03,-11.42,-9.93,18.92
125,KLAY,2024/04/02,11746.0,1,33,184725,1794.1,15.7,0.71,74.6,49.51,351,15.27,4.16,0.88,-9.3,-17.6,23.15
126,ONG,2024/04/02,1900.0,18,50,33799,31.89,0.16,0.87,3.4,76.55,543,1.68,10.66,0.5,-10.98,-9.34,15.53
127,ALGO,2024/04/02,26247.0,10,38,31340,206.7,-0.39,-0.3,15.6,83.09,347,0.79,7.55,-0.19,-12.81,-1.42,25.27
128,JST,2024/04/02,4502.0,16,63,144368,36.58,0.49,0.77,4.5,70.53,0,0.81,12.3,1.34,-4.72,-6.24,31.95
129,XTZ,2024/04/02,16797.0,11,45,25358,75.66,-0.08,0.33,2.9,56.26,1840,0.45,3.83,-0.11,-6.45,-7.72,39.92
130,MLK,2024/04/02,1792.0,19,43,68731,135.99,-0.32,-0.38,6.4,49.33,519,7.59,4.71,-0.24,-10.51,-7.32,13.56
131,DOT,2024/04/02,168721.0,8,40,99152,643.24,0.93,-0.03,24.0,82.34,12620,0.38,3.73,0.14,-7.61,-9.98,19.62
132,ATOM,2024/04/02,59232.0,14,51,25764,103.31,2.8,1.32,13.7,80.85,16180,0.17,13.26,2.71,-9.35,-6.63,18.18
133,TEMCO,2024/04/02,138.0,18,29,84719,124.55,-0.02,-0.02,7.0,38.85,0,90.25,5.62,-0.02,-7.7,-3.69,36.24
134,DOGE,2024/04/02,365126.0,8,34,180201,2504.87,26.7,1.17,594.5,66.06,269,0.69,23.73,1.07,0.74,15.94,138.05
135,KSM,2024/04/02,5018.0,25,60,14280,33.12,0.34,1.04,1.4,96.76,63300,0.66,4.23,1.03,-9.7,-15.82,1.03
136,CTK,2024/04/02,1627.0,51,24,15582,54.95,4.1,4.17,61.9,86.12,1309,3.38,112.65,7.46,-2.74,9.08,22.33
137,BNB,2024/04/02,1131818.0,15,61,20498,115.76,4.0,4.38,8.3,56.03,809000,0.01,7.17,3.46,-1.64,38.88,87.13
138,NFT,2024/04/02,7211.0,15,68,256927,129.74,1.1,0.73,6.8,15.94,0,1.8,5.24,0.85,-12.5,-30.0,16.66
139,SUN,2024/04/02,1946.0,36,58,32718,56.42,0.0,-0.01,2.2,148.59,0,2.9,3.9,0.0,-7.67,28.84,93.91
140,XEC,2024/04/02,16589.0,5,29,541266,670.98,2.1,-0.19,170.8,58.55,0,4.04,25.46,0.31,-5.67,34.08,88.44
141,AGIX,2024/04/02,19519.0,10,40,12091,394.15,-4.1,-0.56,53.0,93.86,1625,2.02,13.45,-1.04,-17.3,30.31,303.22
142,SOL,2024/04/02,1102819.0,9,36,98524,2829.37,40.8,1.62,467.8,71.12,263900,0.26,16.53,1.44,-0.15,43.65,92.48
143,FNSA,2024/04/02,3585.0,12,35,39555,758.16,-0.74,-0.08,17.0,74.32,47610,21.15,2.24,-0.1,-7.01,-12.56,18.31
144,EGLD,2024/04/02,19748.0,21,58,15353,44.78,-0.94,-0.35,4.6,86.92,78800,0.23,10.27,-2.1,-10.4,-17.57,-1.25
145,MASK,2024/04/02,7121.0,21,41,4932,70.51,-0.16,-1.39,43.9,81.82,7880,0.99,62.26,-0.23,9.36,17.61,71.71
146,C98,2024/04/02,3671.0,27,65,10644,57.65,-0.12,-0.01,6.7,113.37,537,1.57,11.62,-0.21,-5.78,-1.46,58.87
147,MED,2024/04/02,1742.0,34,57,24849,59.1,-0.2,0.07,6.9,119.65,0,3.39,11.68,-0.34,-12.37,-3.58,30.2
148,1INCH,2024/04/02,8700.0,33,54,9399,37.93,0.54,1.46,7.1,65.84,810,0.44,18.72,1.42,-4.48,-1.93,31.28
149,CRV,2024/04/02,9809.0,19,49,7662,48.21,0.0,-0.01,4.0,55.24,894,0.49,8.3,0.0,-9.96,-14.36,12.03
150,BOBA,2024/04/02,1200.0,34,45,129541,165.57,-2.0,-1.21,9.2,64.59,750,13.8,5.56,-1.21,-12.89,39.66,110.67
151,DYDX,2024/04/02,5909.0,39,55,5101,102.53,0.0,0.0,8.7,97.9,4513,1.74,8.49,0.0,-9.35,-12.7,22.97
152,MINA,2024/04/02,15949.0,14,51,5968,59.72,1.4,0.87,10.7,133.77,1577,0.37,17.92,2.34,-13.91,-16.64,-12.58
153,FLOW,2024/04/02,24254.0,17,43,5514,115.11,-0.59,0.25,13.4,81.11,1735,0.47,11.64,-0.51,-13.29,0.69,51.26
154,JOE,2024/04/02,3758.0,17,42,9665,108.89,-3.0,-0.57,48.7,76.01,1116,2.9,44.72,-2.76,-16.71,34.13,22.9
155,GALA,2024/04/02,24521.0,10,40,34047,689.03,-0.22,-0.22,49.2,99.49,0,2.81,7.14,-0.03,-9.72,33.33,128.14
156,BTT,2024/04/02,18454.0,9,71,443408,607.52,8.1,0.57,34.6,34.78,0,3.29,5.7,1.33,0.0,-16.0,31.25
157,JASMY,2024/04/02,12848.0,26,53,10969,98.56,0.0,-0.01,7.8,91.14,0,0.77,7.91,0.0,-9.41,-19.6,254.54
158,REQ,2024/04/02,2156.0,24,44,11415,40.58,-0.65,-0.22,14.6,80.91,231,1.88,35.98,-1.6,-7.22,26.22,87.8
159,CSPR,2024/04/02,5720.0,24,66,14106,40.42,-0.17,-2.99,7.1,79.1,0,0.71,17.57,-0.42,-8.87,-19.23,-27.6
160,AVAX,2024/04/02,244996.0,8,36,22122,328.29,3.8,1.31,57.4,77.89,68950,0.13,17.48,1.16,-10.91,13.68,35.46
161,TDROP,2024/04/02,0.0,24,22,27923,90.72,-0.28,-0.2,12.0,53.81,0,0.0,13.23,-0.31,-7.41,10.03,169.86
162,HBAR,2024/04/02,48163.0,37,55,2822,38.26,0.98,0.44,3.5,66.09,153,0.08,9.15,2.56,-6.7,-6.13,28.57
163,FANC,2024/04/02,0.0,21,15,13781,207.31,0.35,0.08,180.4,80.18,0,0.0,87.02,0.17,48.64,93.98,109.2
164,NPT,2024/04/02,1091.0,22,28,27392,341.31,0.39,-0.1,25.0,57.23,1270,31.28,7.32,0.11,-12.83,13.79,134.75
165,REI,2024/04/02,1663.0,0,29,62988,250.0,-2.7,-2.64,423.1,92.2,183,15.03,169.24,-1.08,1.65,209.5,336.01
166,T,2024/04/02,6007.0,4,42,41710,81.92,1.0,2.6,52.8,75.66,0,1.36,64.45,1.22,-20.76,38.59,68.39
167,MBX,2024/04/02,1904.0,18,33,19430,295.4,-0.58,-0.35,26.4,82.9,1754,15.51,8.94,-0.2,-9.07,37.24,76.81
168,GMT,2024/04/02,8148.0,27,47,13066,74.89,-1.8,-2.37,23.3,86.68,468,0.92,31.11,-2.4,-6.77,6.6,13.86
169,TAVA,2024/04/02,789.0,10,15,30296,393.88,1.0,0.01,123.3,82.56,157,49.92,31.3,0.25,18.93,44.03,82.05
170,DAR,2024/04/02,1693.0,4,61,8660,23.9,-0.23,-0.64,3.2,88.04,322,1.41,13.39,-0.96,-13.44,9.89,73.11
171,APE,2024/04/02,14498.0,33,54,2910,25.29,-3.9,-2.38,10.5,75.44,2560,0.17,41.52,-15.42,-10.98,-16.93,26.35
172,WNCG,2024/04/02,571.0,32,50,9191,83.46,-0.58,-0.61,8.8,65.14,172,14.62,10.54,-0.69,-4.97,19.44,26.47
173,ALT,2024/04/02,809.0,3,43,16906,87.79,0.97,0.53,7.1,62.96,540,10.85,8.09,1.1,-10.89,25.29,51.68
174,XCN,2024/04/02,940.0,17,42,17394,136.81,-0.56,-0.83,12.0,63.37,0,14.55,8.77,-0.41,-10.93,7.13,87.46
175,AZIT,2024/04/02,234.0,19,25,16151,227.78,-0.13,-0.03,28.9,84.39,140,97.34,12.69,-0.06,-6.04,44.86,112.47
176,FLR,2024/04/02,17636.0,8,37,138246,132.69,-2.6,-4.41,69.7,103.69,0,0.75,52.53,-1.96,4.25,-14.99,108.59
177,SFP,2024/04/02,4426.0,7,59,6047,29.55,0.37,0.49,4.0,37.96,1018,0.67,13.54,1.25,-8.12,-10.3,3.14
178,FITFI,2024/04/02,379.0,23,48,15952,93.29,-0.36,0.0,12.7,83.51,0,24.61,13.61,-0.39,-8.49,14.33,84.09
179,STAT,2024/04/02,108.0,22,23,14445,69.17,-0.32,-0.1,8.4,43.04,267,64.05,12.14,-0.46,-10.4,16.08,108.59
180,CRTS,2024/04/02,871.0,40,19,22162,252.51,-6.1,0.0,188.6,65.37,0,28.99,74.69,-2.42,-1.45,68.9,463.01
181,VIX,2024/04/02,150.0,23,25,17106,135.2,-0.02,-0.01,12.0,48.45,0,90.13,8.88,-0.01,-7.33,34.25,85.78
182,LBL,2024/04/02,157.0,20,28,19779,102.32,0.14,-0.14,6.6,70.69,0,65.17,6.45,0.14,-10.26,-19.45,152.28
183,FLZ,2024/04/02,0.0,73,41,9916,90.29,0.0,-0.01,3.1,29.91,3256,0.0,3.43,0.0,-6.75,-11.61,-2.83
184,LM,2024/04/02,285.0,0,16,23215,242.85,1.7,0.55,74.7,69.44,0,85.21,30.76,0.7,15.54,79.83,84.74
185,GRND,2024/04/02,243.0,33,42,17501,69.44,-0.48,-0.5,14.0,61.71,273,28.58,20.16,-0.69,-10.19,18.18,51.66
186,APT,2024/04/02,84177.0,25,37,5300,133.3,2.7,-0.14,94.8,84.69,22490,0.16,71.12,2.03,-10.93,34.42,56.28
187,BLUR,2024/04/02,10923.0,11,54,11544,117.86,5.1,2.1,23.0,78.91,768,1.08,19.51,4.33,-11.11,-21.06,8.16
188,WEMIX,2024/04/02,10025.0,13,22,161592,1386.47,3.3,-0.13,86.7,51.67,2895,13.83,6.25,0.24,-12.93,-24.82,-19.91
189,OAS,2024/04/02,2299.0,23,35,10641,226.38,-6.8,8.3,38.1,44.25,118,9.85,16.83,-3.0,-13.86,-32.95,-19.72
190,HOOK,2024/04/02,2405.0,30,59,4106,33.66,-1.6,-2.73,10.1,54.95,1901,1.4,30.01,-4.75,-14.98,-0.47,32.65
191,ENTC,2024/04/02,0.0,29,37,22259,158.39,7.6,4.92,300.0,123.23,340,0.0,189.41,4.8,-22.77,101.78,59.15
192,ONIT,2024/04/02,442.0,29,27,9283,81.69,-0.22,-0.24,12.0,64.86,0,18.48,14.69,-0.27,-5.28,31.66,51.3
193,OP,2024/04/02,44583.0,18,47,9471,188.97,-1.1,0.12,15.1,85.31,4717,0.42,7.99,-0.58,-13.44,-12.48,-2.72
194,ROA,2024/04/02,233.0,9,28,23496,212.3,3.0,1.02,36.6,54.62,0,91.12,17.24,1.41,-7.67,13.32,14.11
195,GMX,2024/04/02,5373.0,36,49,2055,24.7,-0.03,-0.21,2.8,87.51,60000,0.46,11.34,-0.12,-8.6,-23.9,-22.48
196,STX,2024/04/02,66516.0,21,32,31144,536.93,-14.4,-1.0,172.4,86.35,4884,0.81,32.11,-2.68,0.18,13.97,123.01
197,XPLA,2024/04/02,1847.0,17,17,27189,219.59,0.01,-0.08,21.9,38.65,374,11.89,9.97,0.0,-10.95,14.72,29.41
198,ARB,2024/04/02,53333.0,29,46,15231,286.46,3.5,0.99,38.4,70.9,2135,0.54,13.41,1.22,-10.74,-23.06,-22.05
199,INJ,2024/04/02,41220.0,15,43,7733,157.64,9.5,2.11,24.0,45.87,46950,0.38,15.22,6.03,-14.55,-14.24,-9.27
200,HFT,2024/04/02,2146.0,28,66,2320,29.27,0.0,0.0,12.3,141.84,596,1.36,42.02,0.0,-9.0,-12.48,17.55
201,RPL,2024/04/02,8062.0,25,48,4257,34.78,-3.1,-2.95,28.0,178.47,42550,0.43,80.51,-8.91,-6.44,-3.92,9.52
202,IMX,2024/04/02,52965.0,33,54,5797,70.63,0.18,0.25,5.3,79.0,3968,0.13,7.5,0.25,-5.56,-12.32,33.1
203,CFX,2024/04/02,19691.0,16,30,8053,115.21,21.8,-0.09,126.8,50.05,543,0.59,110.06,18.92,-19.55,24.54,118.95
204,ACS,2024/04/02,1538.0,21,50,5589,61.64,-2.6,-2.53,10.4,99.93,0,4.01,16.87,-4.22,-5.6,5.95,21.11
205,FXS,2024/04/02,7369.0,38,58,2068,25.2,-0.69,-0.01,3.6,115.36,9935,0.34,14.29,-2.74,-10.33,-22.44,-17.0
206,CELO,2024/04/02,8051.0,15,42,5744,79.92,0.41,-0.74,24.9,82.77,1603,0.99,31.16,0.51,-15.45,4.7,56.08
207,LDO,2024/04/02,31886.0,21,56,4131,42.08,0.06,-1.69,4.8,65.27,3799,0.13,11.41,0.14,-14.61,-16.22,-15.4
208,FTM,2024/04/02,34994.0,39,63,4107,61.87,-0.05,0.0,9.8,86.53,1333,0.18,15.84,-0.08,-10.23,41.5,127.47
209,FET,2024/04/02,30907.0,10,40,14718,542.53,-8.6,-0.08,70.1,91.15,3896,1.76,12.92,-1.59,-15.06,58.43,316.68
210,SUI,2024/04/02,32612.0,65,39,12613,336.72,-0.51,-0.02,77.9,81.35,2685,1.03,23.13,-0.15,-10.32,29.71,136.98
211,NCT,2024/04/02,614.0,27,28,15648,114.85,-2.1,-1.34,14.3,69.65,0,18.71,12.45,-1.83,-19.29,48.71,150.36
212,FLOKI,2024/04/02,27936.0,8,45,31011,414.89,-10.5,-0.98,145.9,83.58,0,1.49,35.17,-2.53,-5.49,45.1,614.22
213,ALEX,2024/04/02,3964.0,18,19,12501,583.99,5.4,0.46,70.2,38.12,701,14.73,12.02,0.92,8.34,21.07,56.47
214,ID,2024/04/02,6384.0,47,74,11634,211.65,-114.6,-24.53,198.6,34.95,1319,3.32,93.83,-54.15,-25.52,46.88,186.11
215,RNDR,2024/04/02,49041.0,16,40,11052,326.2,-0.01,-0.01,26.1,88.64,13670,0.67,8.0,-0.0,-16.13,33.49,127.83
216,STG,2024/04/02,1963.0,61,60,2628,89.47,-0.91,-0.99,17.0,135.52,1022,4.56,19.0,-1.02,-2.48,5.14,32.72
217,OSMO,2024/04/02,11074.0,16,55,3695,35.93,-0.03,-0.04,4.0,33.81,1815,0.32,11.13,-0.08,-6.0,-19.76,-17.5
218,GAL,2024/04/02,6401.0,28,63,6932,84.04,-0.51,-0.01,8.2,84.59,6480,1.31,9.76,-0.61,-13.6,38.19,123.91
219,ILV,2024/04/02,6589.0,25,50,3345,34.29,0.0,-0.01,7.8,60.08,186500,0.52,22.75,0.0,-11.69,14.76,55.8
220,MAV,2024/04/02,2432.0,16,38,5505,163.39,2.2,0.92,112.5,82.18,1027,6.72,68.85,1.35,14.87,6.86,41.46
221,RSS3,2024/04/02,3384.0,51,55,10679,338.74,-0.74,-0.01,56.4,71.17,683,10.01,16.65,-0.22,-17.21,106.96,335.03
222,AUDIO,2024/04/02,4396.0,36,54,3757,33.93,-0.26,-0.49,5.6,90.9,389,0.77,16.5,-0.77,-8.47,-19.95,32.31
223,AGI,2024/04/02,3227.0,8,17,54498,2332.42,15.6,0.34,421.6,62.62,502,72.28,18.08,0.67,-26.39,41.01,659.22
224,RDNT,2024/04/02,1961.0,72,52,3904,59.01,35.6,152.13,3.5,68.93,438,3.01,5.93,60.33,-7.0,-20.36,-7.2
225,ASTR,2024/04/02,9421.0,13,45,9702,139.59,0.92,0.59,21.2,47.14,180,1.48,15.19,0.66,-10.89,-20.7,-22.41
226,WLD,2024/04/02,16277.0,10,29,78393,3323.47,31.5,-0.01,623.5,88.77,10180,20.42,18.76,0.95,-20.28,-7.78,139.41
227,FLUX,2024/04/02,5357.0,20,51,3479,41.25,-0.37,-0.89,7.1,62.51,1663,0.77,17.21,-0.9,-12.84,11.91,108.65
228,RVN,2024/04/02,8409.0,18,34,7369,383.03,7.6,-1.17,146.5,63.88,0,4.56,38.25,1.98,33.49,65.01,138.77
229,LEVER,2024/04/02,965.0,43,60,5887,87.27,10.1,6.55,43.8,170.13,0,9.04,50.19,11.57,-10.28,-3.8,68.2
230,EDU,2024/04/02,3556.0,28,52,9426,49.03,-0.2,-0.42,9.7,99.87,1343,1.38,19.78,-0.41,-16.16,0.37,51.92
231,SEI,2024/04/02,26355.0,21,49,14843,394.66,12.9,1.81,85.2,64.44,1052,1.5,21.59,3.27,-14.47,-3.83,-3.3
232,WAXL,2024/04/02,0.0,9,38,12502,168.16,5.3,3.18,42.1,34.12,2556,0.0,25.04,3.15,-10.81,-19.52,0.0
233,MOC,2024/04/02,651.0,32,53,6311,43.5,-0.84,-1.56,15.8,97.33,159,6.68,36.32,-1.93,-13.11,1.27,29.26
234,PEPE,2024/04/02,41150.0,13,45,31432,450.56,1.8,2.37,216.7,63.9,0,1.09,48.1,0.4,-5.4,0.96,517.64
235,CYBER,2024/04/02,3402.0,33,51,7559,96.76,-1.9,-1.98,16.1,112.54,18470,2.84,16.64,-1.96,0.1,36.51,72.45
236,ARKM,2024/04/02,5206.0,9,32,24148,974.59,-9.1,-0.91,381.5,98.49,3692,18.72,39.14,-0.93,-10.97,4.88,346.97
237,PYR,2024/04/02,2585.0,24,39,4085,26.58,0.0,-0.01,4.5,71.12,9855,1.03,16.93,0.0,-9.0,-16.76,-6.85
238,IOTX,2024/04/02,8773.0,19,38,9644,38.03,3.8,3.14,12.8,69.5,0,0.43,33.66,9.99,-12.23,17.38,43.11
239,HIGH,2024/04/02,1588.0,59,69,10221,73.15,19.0,21.14,59.2,91.67,3354,4.61,80.93,25.97,9.57,10.0,64.33
240,PENDLE,2024/04/02,16832.0,27,51,6033,94.45,0.61,0.64,55.4,78.01,7595,0.56,58.66,0.65,24.1,73.16,305.49
241,STORJ,2024/04/02,3874.0,6,50,4116,54.35,2.7,5.45,9.6,49.95,997,1.4,17.66,4.97,-11.84,-11.53,16.74
242,API3,2024/04/02,3829.0,21,58,5654,30.16,0.0,-0.01,2.4,99.17,4754,0.79,7.96,0.0,-14.49,-7.23,91.84
243,ZTX,2024/04/02,662.0,26,31,9329,135.56,-0.64,-0.36,10.8,63.41,0,20.48,7.97,-0.47,-9.18,-32.27,2.88
244,MNT,2024/04/02,51776.0,17,50,11277,139.38,-2.4,-0.35,20.8,57.56,1713,0.27,14.92,-1.72,-9.5,37.14,0.0
245,GTC,2024/04/02,1653.0,27,59,3838,50.08,-0.92,-1.02,13.2,63.66,2661,3.03,26.36,-1.84,-6.5,-1.15,0.0
246,TIA,2024/04/02,29506.0,10,49,9622,133.34,4.4,1.37,14.9,56.52,18040,0.45,11.17,3.3,-8.88,-17.81,-13.64
247,ZBC,2024/04/02,2203.0,40,23,27818,850.51,0.6,0.13,139.1,60.38,0,38.61,16.35,0.07,-15.74,108.3,134.04
248,SPURS,2024/04/02,164.0,30,47,6535,46.54,-0.2,-0.85,4.5,57.07,4799,28.38,9.67,-0.43,-0.53,1.88,-1.03
249,NEO,2024/04/02,14099.0,29,48,4755,55.35,-0.12,0.38,7.1,111.42,21270,0.39,12.83,-0.22,-6.95,-16.88,0.0
250,GAS,2024/04/02,5646.0,0,51,9650,45.15,0.06,-0.03,6.3,94.44,8940,0.8,13.95,0.13,-13.62,-14.85,0.0
251,HIFI,2024/04/02,1730.0,43,39,9823,124.54,-3.1,-2.46,40.7,80.57,1527,7.2,32.68,-2.49,-15.35,43.78,75.92
252,BIGTIME,2024/04/02,3063.0,7,41,18283,351.17,7.6,1.33,66.6,71.96,445,11.46,18.97,2.16,-17.28,-33.68,-10.64
253,GRS,2024/04/02,742.0,21,36,2682,53.03,-0.73,-0.32,13.7,104.18,880,7.15,25.83,-1.38,-8.8,0.0,0.0
254,ARK,2024/04/02,2394.0,8,48,5768,57.25,1.1,1.78,11.5,99.45,1359,2.39,20.09,1.92,-13.49,-6.01,0.0
255,YGG,2024/04/02,6480.0,26,48,5168,147.08,-12.4,-4.12,65.2,115.25,2175,2.27,44.33,-8.43,24.92,135.38,0.0
256,HUNT,2024/04/02,824.0,27,51,5143,45.41,0.95,2.84,10.0,49.06,651,5.51,22.02,2.09,-18.11,0.0,0.0
257,KAVA,2024/04/02,14368.0,37,52,1999,23.57,0.6,-3.1,16.3,121.34,1415,0.16,69.16,2.55,-0.56,3.36,0.0
258,STMX,2024/04/02,1396.0,36,49,3008,39.96,-0.97,-2.17,6.2,122.36,0,2.86,15.52,-2.43,-16.52,1.01,36.94
259,MAGIC,2024/04/02,3490.0,12,42,3947,51.2,0.94,0.31,13.8,69.96,1420,1.47,26.95,1.84,-13.78,-23.81,0.0
260,USDT,2024/04/02,1416218.0,38,34,24728,365.18,-26.3,7.31,1653.0,293.46,1444,0.03,452.65,-7.2,1.33,3.66,7.52
261,USDC,2024/04/02,441480.0,0,79,1897,24.14,-2.1,-9.77,9.5,202.03,1446,0.01,39.35,-8.7,1.18,3.87,7.66
262,RAD,2024/04/02,1872.0,35,54,11832,42.94,-7.1,-0.45,15.3,68.95,3864,2.29,35.63,-16.53,-12.61,12.55,0.0
263,LSK,2024/04/02,3120.0,25,46,2323,45.05,0.14,0.31,8.8,88.83,2574,1.44,19.53,0.31,-10.15,8.37,0.0
264,TT,2024/04/02,809.0,27,52,4042,25.85,-0.11,-0.3,3.6,125.97,0,3.2,13.93,-0.43,-11.03,-3.69,0.0
265,ACE,2024/04/02,2577.0,18,41,15875,356.46,11.0,1.06,58.6,69.42,12510,13.83,16.44,3.09,-19.91,-34.8,11.0
266,IQ,2024/04/02,3146.0,14,31,7245,82.88,4.5,4.33,28.1,39.83,0,2.63,33.9,5.43,-17.58,0.0,0.0
267,PYTH,2024/04/02,17715.0,8,35,12443,252.9,-7.9,-1.38,98.2,66.98,1256,1.43,38.83,-3.12,-4.77,36.22,0.0
268,MANTA,2024/04/02,9361.0,14,44,17690,252.78,1.3,0.28,21.7,77.45,3977,2.7,8.58,0.51,-11.73,3.89,0.0
269,JUP,2024/04/02,29264.0,9,30,12757,669.92,-14.6,-0.57,320.5,79.99,2293,2.29,47.84,-2.18,24.61,173.62,0.0
270,STRK,2024/04/02,19036.0,11,27,34672,1059.63,4.7,0.31,121.0,68.51,2791,5.57,11.42,0.44,-13.53,10.75,0.0
271,SC,2024/04/02,7014.0,14,33,6256,64.6,2.9,0.79,19.1,48.13,0,0.92,29.57,4.49,-12.92,0.0,0.0
272,STRAX,2024/04/02,0.0,6,41,43739,119.29,1.2,1.81,83.4,64.25,165,0.0,69.91,1.01,-14.94,0.0,0.0
